{"_id":"6507f0731575a6cef290d673","UserID":856557,"IsDeleted":false,"Props":{"elements":{"s17":{"type":"Strip","props":{"styleRef":"s17"},"children":["e18","e19","e20","e21","e22"],"parent":null},"e18":{"type":"FormField","props":{"control":"text","lg":{"variant":"standard","position":{"left":383,"top":61,"leftUnit":"px","topUnit":"px","right":"","bottom":"","transform":""},"hideErrorIndicator":false,"value":"","gridArea":"Col1","placeholder":"","label":"Recipient First Name","isHidden":false,"mandatory":true},"styleRef":"e18","tag":"Recipient First Name Input"},"children":[],"parent":"s17"},"e19":{"type":"FormField","props":{"control":"text","lg":{"variant":"standard","position":{"left":383,"top":160,"leftUnit":"px","topUnit":"px","right":"","bottom":"","transform":""},"hideErrorIndicator":false,"value":"","gridArea":"Col1","placeholder":"","label":"Recipient Last Name","isHidden":false,"mandatory":true},"styleRef":"e19","tag":"Recipient Last Name Input"},"children":[],"parent":"s17"},"e20":{"type":"FormField","props":{"control":"email","lg":{"variant":"standard","position":{"left":383,"top":271,"leftUnit":"px","topUnit":"px","right":"","bottom":"","transform":""},"hideErrorIndicator":false,"value":"","gridArea":"Col1","placeholder":"","label":"Recipient Email","isHidden":false,"mandatory":true},"styleRef":"e20","tag":"Recipient Email Input"},"children":[],"parent":"s17"},"e21":{"type":"FormField","props":{"control":"text","lg":{"value":"","label":"Recipient Role","placeholder":"","variant":"standard","gridArea":"Col1","position":{"left":383,"top":390,"leftUnit":"px","topUnit":"px","right":"","bottom":"","transform":""},"hideErrorIndicator":false,"isHidden":false},"styleRef":"e21","tag":"Recipient Role Input"},"children":[],"parent":"s17"},"e22":{"type":"Button","props":{"lg":{"text":"Add Recipient","gridArea":"Col1","variant":"primary","position":{"left":383,"top":485,"leftUnit":"px","topUnit":"px","right":"","bottom":"","transform":""},"allowProgress":false,"isHidden":false},"target":"self","customURL":"","type":"redirect","redirect":{"label":"Other","value":"other"},"styleRef":"e22","action":[{"uid":"8c887455-db49-4b37-bf37-dccb8d65626a","conditions":[],"isAction":false,"actions":{"actionFlow":{"0":{"enabled":true,"list":[{"id":"fff9bb9d-9e4a-444f-afd3-0b52e21335c5","type":"input","data":{"label":"Start"},"position":{"x":0,"y":0}},{"id":"4af5db71-1e1a-4c92-97d1-763f28888bdf","type":"sfAction","actionType":"sfAction","tag":"","data":{"sfAction":[{"items":[{"label":"#2 Delivery Form Recipient (create) ","value":"f2d5d2b2-c9ce-467c-9139-252fcfd4a264","isPush":true,"order":""}]}]},"position":{"x":461.99999999999994,"y":-6}},{"id":"9cff54a4-4977-4af6-b647-2fc706b22d4f","type":"action","actionType":"msgDlg","tag":"","data":{"msgDlg":{"0":{"enabled":true,"variant":"message","message":"<span style=\"font-family: Arial, 'Helvetica Neue', Helvetica, sans-serif;\">Recipient was Created</span>"}}},"position":{"x":655,"y":24}},{"id":"7267b2de-3e83-4287-93eb-b4908252aeaa","type":"sfAction","actionType":"sfAction","tag":"Salesforce Action","data":{"sfAction":[{"items":[{"label":"#6 Delivery Form Recipient (get)  - get recipient with same email","value":"6ffb839d-05b2-4321-a8ad-1efa9a0e8b5b","order":""}]}]},"position":{"x":128,"y":28}},{"id":"4141895e-7557-44a1-a08a-a0e2fa921996","type":"condition","actionType":"condition","tag":"Didn't find another recipient","data":[{"uid":"f6315ec2-cf6a-4a68-ba3a-cf617bf08c36","conditions":[{"field":{"paramType":"static","value":"p16:fbcac148-eee0-4e42-900b-04160f228afc","label":"[PV / Add Recipient / existingrecipient]","group":"pageParam"},"operator":"isempty","valueType":"value","value":"","bracket":"","post":"and"}],"isAction":false,"actions":{"actionFlow":{"0":{"enabled":true,"list":[{"id":"3c33a687-3b7e-4169-acf1-c6f681529e6e","type":"input","data":{"label":"Start"},"position":{"x":0,"y":0}},{"id":"76c34fd2-538d-4ccb-846c-3b12c39eae2a","type":"condition","actionType":"condition","tag":"","data":[{"uid":"cc3ed8ce-b1f9-4aea-a81d-2e3abee1fae3","conditions":[{"field":null,"operator":"contains","valueType":"value","value2Type":"value","value":"","value2":"","bracket":"","post":""}],"isAction":false,"modeType":"flow"}],"position":{"x":100,"y":100}},{"type":"default","targetHandle":"if","target":"76c34fd2-538d-4ccb-846c-3b12c39eae2a","source":"3c33a687-3b7e-4169-acf1-c6f681529e6e","id":"a81071ed-a5e0-4c8a-ad54-49f37ea8a80b","style":{"strokeDasharray":5},"label":"x","labelStyle":{"fontSize":14}}]}}},"modeType":"flow"}],"position":{"x":246,"y":98}},{"id":"3be2823e-4113-40e7-b291-205aee8e8837","type":"action","actionType":"msgDlg","tag":"Show message","data":{"msgDlg":{"0":{"enabled":true,"variant":"message","message":"<p>There is a recipient with this email address.<br />You cannot create duplicates.</p>"}}},"position":{"x":399,"y":288}},{"id":"b207c343-21bd-45fc-ab40-43fb4b49cc20","type":"affectElements","actionType":"affectElements","tag":"Affect elements","data":{"p16:fbcac148-eee0-4e42-900b-04160f228afc":[{"elemType":"pageParam","type":"set_value","value":""}]},"position":{"x":593,"y":363}},{"sourceHandle":"loaded","target":"9cff54a4-4977-4af6-b647-2fc706b22d4f","style":{"strokeDasharray":5},"label":"x","targetHandle":"if","type":"default","source":"4af5db71-1e1a-4c92-97d1-763f28888bdf","id":"0343979e-001c-4434-b33a-47c93f3962b5","labelStyle":{"fontSize":14}},{"sourceHandle":null,"target":"7267b2de-3e83-4287-93eb-b4908252aeaa","style":{"strokeDasharray":5},"label":"x","targetHandle":"if","type":"default","source":"fff9bb9d-9e4a-444f-afd3-0b52e21335c5","id":"1c6c9ba1-6f7b-4252-9e2c-aab6981e645a","labelStyle":{"fontSize":14}},{"sourceHandle":"loaded","target":"4141895e-7557-44a1-a08a-a0e2fa921996","style":{"strokeDasharray":5},"label":"x","targetHandle":"if","type":"default","source":"7267b2de-3e83-4287-93eb-b4908252aeaa","id":"c8d5972f-2800-4543-b05d-f96edc47949e","labelStyle":{"fontSize":14}},{"animated":false,"sourceHandle":"then-0","target":"4af5db71-1e1a-4c92-97d1-763f28888bdf","style":{"strokeDasharray":5},"label":"x","targetHandle":null,"type":"default","source":"4141895e-7557-44a1-a08a-a0e2fa921996","id":"reactflow__edge-4141895e-7557-44a1-a08a-a0e2fa921996then-0-4af5db71-1e1a-4c92-97d1-763f28888bdfnull","labelStyle":{"fontSize":14}},{"sourceHandle":"else","target":"3be2823e-4113-40e7-b291-205aee8e8837","style":{"strokeDasharray":5},"label":"x","targetHandle":"if","type":"default","source":"4141895e-7557-44a1-a08a-a0e2fa921996","id":"0c7462a9-879e-4ea0-af97-1d5c836578a3","labelStyle":{"fontSize":14}},{"sourceHandle":null,"target":"b207c343-21bd-45fc-ab40-43fb4b49cc20","style":{"strokeDasharray":5},"label":"x","targetHandle":"if","type":"default","source":"3be2823e-4113-40e7-b291-205aee8e8837","id":"de4bd031-d786-4653-808e-3145b45e41a7","labelStyle":{"fontSize":14}}]}}},"modeType":"flow"}]},"children":[],"parent":"s17"}},"Grid":["s17"],"styles":{"s17":{"type":"Strip","lg":{"root":{"minHeight":"600"},"columns":1,"rows":1,"areas":[["Col1"]],"column0":1001,"column0Unit":"px","rootHover":{"minHeight":"600"},"rootActive":{"minHeight":"600"}}},"e18":{"lg":{"root":{"width":"270","height":"auto"},"rootHover":{"width":"270","height":"auto"},"rootActive":{"width":"270","height":"auto"},"input":{"fontFamily":"'Cairo', sans-serif;"},"label":{"fontFamily":"'Cairo', sans-serif;"}},"type":"FormField","additionalControls":["text"]},"e19":{"lg":{"root":{"width":"270","height":"auto"},"rootHover":{"width":"270","height":"auto"},"rootActive":{"width":"270","height":"auto"}},"type":"FormField","additionalControls":["text"]},"e20":{"lg":{"root":{"width":"270","height":"auto"},"rootHover":{"width":"270","height":"auto"},"rootActive":{"width":"270","height":"auto"}},"type":"FormField","additionalControls":["email"]},"e21":{"lg":{"root":{"width":"270","height":"auto"},"rootHover":{"width":"270","height":"auto"},"rootActive":{"width":"270","height":"auto"}},"type":"FormField","additionalControls":["text"]},"e22":{"lg":{"root":{"width":"180","height":37,"backgroundColor":"#278864ff","color":"#fafafaff"},"rootHover":{"width":"180","height":37},"rootActive":{"width":"180","height":37}},"type":"Button"}},"isSurveyForm":false,"ui":{"Drawer":[],"Modal":[]},"params":[{"id":"fbcac148-eee0-4e42-900b-04160f228afc","valueType":"static","name":"existingrecipient","value":"","paramType":"static"}]},"IsDisabled":false,"isPublic":true,"URL":"deliveryform_addrecipient","Description":"","Version":0,"ProjectID":"6507f0731575a6cef290d66e","isCachedCDN":"true","__v":0,"CreatedAt":"2023-09-18T06:38:43.524Z","PublishProps":{"elements":{"s17":{"type":"Strip","props":{"styleRef":"s17"},"children":["e18","e19","e20","e21","e22"],"parent":null},"e18":{"type":"FormField","props":{"control":"text","lg":{"variant":"standard","position":{"left":383,"top":61,"leftUnit":"px","topUnit":"px","right":"","bottom":"","transform":""},"hideErrorIndicator":false,"value":"","gridArea":"Col1","placeholder":"","label":"Recipient First Name","isHidden":false,"mandatory":true},"styleRef":"e18","tag":"Recipient First Name Input"},"children":[],"parent":"s17"},"e19":{"type":"FormField","props":{"control":"text","lg":{"variant":"standard","position":{"left":383,"top":160,"leftUnit":"px","topUnit":"px","right":"","bottom":"","transform":""},"hideErrorIndicator":false,"value":"","gridArea":"Col1","placeholder":"","label":"Recipient Last Name","isHidden":false,"mandatory":true},"styleRef":"e19","tag":"Recipient Last Name Input"},"children":[],"parent":"s17"},"e20":{"type":"FormField","props":{"control":"email","lg":{"variant":"standard","position":{"left":383,"top":271,"leftUnit":"px","topUnit":"px","right":"","bottom":"","transform":""},"hideErrorIndicator":false,"value":"","gridArea":"Col1","placeholder":"","label":"Recipient Email","isHidden":false,"mandatory":true},"styleRef":"e20","tag":"Recipient Email Input"},"children":[],"parent":"s17"},"e21":{"type":"FormField","props":{"control":"text","lg":{"value":"","label":"Recipient Role","placeholder":"","variant":"standard","gridArea":"Col1","position":{"left":383,"top":390,"leftUnit":"px","topUnit":"px","right":"","bottom":"","transform":""},"hideErrorIndicator":false,"isHidden":false},"styleRef":"e21","tag":"Recipient Role Input"},"children":[],"parent":"s17"},"e22":{"type":"Button","props":{"lg":{"text":"Add Recipient","gridArea":"Col1","variant":"primary","position":{"left":383,"top":485,"leftUnit":"px","topUnit":"px","right":"","bottom":"","transform":""},"allowProgress":false,"isHidden":false},"target":"self","customURL":"","type":"redirect","redirect":{"label":"Other","value":"other"},"styleRef":"e22","action":[{"uid":"8c887455-db49-4b37-bf37-dccb8d65626a","conditions":[],"isAction":false,"actions":{"actionFlow":{"0":{"enabled":true,"list":[{"id":"fff9bb9d-9e4a-444f-afd3-0b52e21335c5","type":"input","data":{"label":"Start"},"position":{"x":0,"y":0}},{"id":"4af5db71-1e1a-4c92-97d1-763f28888bdf","type":"sfAction","actionType":"sfAction","tag":"","data":{"sfAction":[{"items":[{"label":"#2 Delivery Form Recipient (create) ","value":"f2d5d2b2-c9ce-467c-9139-252fcfd4a264","isPush":true,"order":""}]}]},"position":{"x":461.99999999999994,"y":-6}},{"id":"9cff54a4-4977-4af6-b647-2fc706b22d4f","type":"action","actionType":"msgDlg","tag":"","data":{"msgDlg":{"0":{"enabled":true,"variant":"message","message":"<span style=\"font-family: Arial, 'Helvetica Neue', Helvetica, sans-serif;\">Recipient was Created</span>"}}},"position":{"x":655,"y":24}},{"id":"7267b2de-3e83-4287-93eb-b4908252aeaa","type":"sfAction","actionType":"sfAction","tag":"Salesforce Action","data":{"sfAction":[{"items":[{"label":"#6 Delivery Form Recipient (get)  - get recipient with same email","value":"6ffb839d-05b2-4321-a8ad-1efa9a0e8b5b","order":""}]}]},"position":{"x":128,"y":28}},{"id":"4141895e-7557-44a1-a08a-a0e2fa921996","type":"condition","actionType":"condition","tag":"Didn't find another recipient","data":[{"uid":"f6315ec2-cf6a-4a68-ba3a-cf617bf08c36","conditions":[{"field":{"paramType":"static","value":"p16:fbcac148-eee0-4e42-900b-04160f228afc","label":"[PV / Add Recipient / existingrecipient]","group":"pageParam"},"operator":"isempty","valueType":"value","value":"","bracket":"","post":"and"}],"isAction":false,"actions":{"actionFlow":{"0":{"enabled":true,"list":[{"id":"3c33a687-3b7e-4169-acf1-c6f681529e6e","type":"input","data":{"label":"Start"},"position":{"x":0,"y":0}},{"id":"76c34fd2-538d-4ccb-846c-3b12c39eae2a","type":"condition","actionType":"condition","tag":"","data":[{"uid":"cc3ed8ce-b1f9-4aea-a81d-2e3abee1fae3","conditions":[{"field":null,"operator":"contains","valueType":"value","value2Type":"value","value":"","value2":"","bracket":"","post":""}],"isAction":false,"modeType":"flow"}],"position":{"x":100,"y":100}},{"type":"default","targetHandle":"if","target":"76c34fd2-538d-4ccb-846c-3b12c39eae2a","source":"3c33a687-3b7e-4169-acf1-c6f681529e6e","id":"a81071ed-a5e0-4c8a-ad54-49f37ea8a80b","style":{"strokeDasharray":5},"label":"x","labelStyle":{"fontSize":14}}]}}},"modeType":"flow"}],"position":{"x":246,"y":98}},{"id":"3be2823e-4113-40e7-b291-205aee8e8837","type":"action","actionType":"msgDlg","tag":"Show message","data":{"msgDlg":{"0":{"enabled":true,"variant":"message","message":"<p>There is a recipient with this email address.<br />You cannot create duplicates.</p>"}}},"position":{"x":399,"y":288}},{"id":"b207c343-21bd-45fc-ab40-43fb4b49cc20","type":"affectElements","actionType":"affectElements","tag":"Affect elements","data":{"p16:fbcac148-eee0-4e42-900b-04160f228afc":[{"elemType":"pageParam","type":"set_value","value":""}]},"position":{"x":593,"y":363}},{"sourceHandle":"loaded","target":"9cff54a4-4977-4af6-b647-2fc706b22d4f","style":{"strokeDasharray":5},"label":"x","targetHandle":"if","type":"default","source":"4af5db71-1e1a-4c92-97d1-763f28888bdf","id":"0343979e-001c-4434-b33a-47c93f3962b5","labelStyle":{"fontSize":14}},{"sourceHandle":null,"target":"7267b2de-3e83-4287-93eb-b4908252aeaa","style":{"strokeDasharray":5},"label":"x","targetHandle":"if","type":"default","source":"fff9bb9d-9e4a-444f-afd3-0b52e21335c5","id":"1c6c9ba1-6f7b-4252-9e2c-aab6981e645a","labelStyle":{"fontSize":14}},{"sourceHandle":"loaded","target":"4141895e-7557-44a1-a08a-a0e2fa921996","style":{"strokeDasharray":5},"label":"x","targetHandle":"if","type":"default","source":"7267b2de-3e83-4287-93eb-b4908252aeaa","id":"c8d5972f-2800-4543-b05d-f96edc47949e","labelStyle":{"fontSize":14}},{"animated":false,"sourceHandle":"then-0","target":"4af5db71-1e1a-4c92-97d1-763f28888bdf","style":{"strokeDasharray":5},"label":"x","targetHandle":null,"type":"default","source":"4141895e-7557-44a1-a08a-a0e2fa921996","id":"reactflow__edge-4141895e-7557-44a1-a08a-a0e2fa921996then-0-4af5db71-1e1a-4c92-97d1-763f28888bdfnull","labelStyle":{"fontSize":14}},{"sourceHandle":"else","target":"3be2823e-4113-40e7-b291-205aee8e8837","style":{"strokeDasharray":5},"label":"x","targetHandle":"if","type":"default","source":"4141895e-7557-44a1-a08a-a0e2fa921996","id":"0c7462a9-879e-4ea0-af97-1d5c836578a3","labelStyle":{"fontSize":14}},{"sourceHandle":null,"target":"b207c343-21bd-45fc-ab40-43fb4b49cc20","style":{"strokeDasharray":5},"label":"x","targetHandle":"if","type":"default","source":"3be2823e-4113-40e7-b291-205aee8e8837","id":"de4bd031-d786-4653-808e-3145b45e41a7","labelStyle":{"fontSize":14}}]}}},"modeType":"flow"}]},"children":[],"parent":"s17"}},"Grid":["s17"],"styles":{"s17":{"type":"Strip","lg":{"root":{"minHeight":"600"},"columns":1,"rows":1,"areas":[["Col1"]],"column0":1001,"column0Unit":"px","rootHover":{"minHeight":"600"},"rootActive":{"minHeight":"600"}}},"e18":{"lg":{"root":{"width":"270","height":"auto"},"rootHover":{"width":"270","height":"auto"},"rootActive":{"width":"270","height":"auto"},"input":{"fontFamily":"'Cairo', sans-serif;"},"label":{"fontFamily":"'Cairo', sans-serif;"}},"type":"FormField","additionalControls":["text"],"version":"v1"},"e19":{"lg":{"root":{"width":"270","height":"auto"},"rootHover":{"width":"270","height":"auto"},"rootActive":{"width":"270","height":"auto"}},"type":"FormField","additionalControls":["text"],"version":"v1"},"e20":{"lg":{"root":{"width":"270","height":"auto"},"rootHover":{"width":"270","height":"auto"},"rootActive":{"width":"270","height":"auto"}},"type":"FormField","additionalControls":["email"],"version":"v1"},"e21":{"lg":{"root":{"width":"270","height":"auto"},"rootHover":{"width":"270","height":"auto"},"rootActive":{"width":"270","height":"auto"}},"type":"FormField","additionalControls":["text"],"version":"v1"},"e22":{"lg":{"root":{"width":"180","height":37,"backgroundColor":"#278864ff","color":"#fafafaff"},"rootHover":{"width":"180","height":37},"rootActive":{"width":"180","height":37}},"type":"Button"}},"isSurveyForm":false,"ui":{"Drawer":[],"Modal":[]},"params":[{"id":"fbcac148-eee0-4e42-900b-04160f228afc","valueType":"static","name":"existingrecipient","value":"","paramType":"static"}]}}