{"_id":"64bd1ed85f08fd6a3b3b2f8d","UserID":856557,"IsDeleted":false,"Props":{"elements":{"s17":{"type":"Strip","props":{"styleRef":"s17"},"children":["e18","e19","e20","e21","e22"],"parent":null},"e18":{"type":"FormField","props":{"control":"text","lg":{"variant":"standard","position":{"left":383,"top":61,"leftUnit":"px","topUnit":"px","right":"","bottom":"","transform":""},"hideErrorIndicator":false,"value":"","gridArea":"Col1","placeholder":"","label":"Recipient First Name","isHidden":false,"mandatory":true},"styleRef":"e18","tag":"Recipient First Name Input"},"children":[],"parent":"s17"},"e19":{"type":"FormField","props":{"control":"text","lg":{"variant":"standard","position":{"left":383,"top":160,"leftUnit":"px","topUnit":"px","right":"","bottom":"","transform":""},"hideErrorIndicator":false,"value":"","gridArea":"Col1","placeholder":"","label":"Recipient Last Name","isHidden":false,"mandatory":true},"styleRef":"e19","tag":"Recipient Last Name Input"},"children":[],"parent":"s17"},"e20":{"type":"FormField","props":{"control":"email","lg":{"variant":"standard","position":{"left":383,"top":271,"leftUnit":"px","topUnit":"px","right":"","bottom":"","transform":""},"hideErrorIndicator":false,"value":"","gridArea":"Col1","placeholder":"","label":"Recipient Email","isHidden":false,"mandatory":true},"styleRef":"e20","tag":"Recipient Email Input"},"children":[],"parent":"s17"},"e21":{"type":"FormField","props":{"control":"text","lg":{"value":"","label":"Recipient Role","placeholder":"","variant":"standard","gridArea":"Col1","position":{"left":383,"top":390,"leftUnit":"px","topUnit":"px","right":"","bottom":"","transform":""},"hideErrorIndicator":false,"isHidden":false},"styleRef":"e21","tag":"Recipient Role Input"},"children":[],"parent":"s17"},"e22":{"type":"Button","props":{"lg":{"text":"Add Recipient","gridArea":"Col1","variant":"primary","position":{"left":383,"top":485,"leftUnit":"px","topUnit":"px","right":"","bottom":"","transform":""},"allowProgress":false,"isHidden":false},"target":"self","customURL":"","type":"redirect","redirect":{"label":"Other","value":"other"},"styleRef":"e22","action":[{"uid":"8c887455-db49-4b37-bf37-dccb8d65626a","conditions":[],"isAction":false,"actions":{"actionFlow":{"0":{"enabled":true,"list":[{"id":"fff9bb9d-9e4a-444f-afd3-0b52e21335c5","type":"input","data":{"label":"Start"},"position":{"x":0,"y":0}},{"id":"4af5db71-1e1a-4c92-97d1-763f28888bdf","type":"sfAction","actionType":"sfAction","tag":"","data":{"sfAction":[{"items":[{"label":"#2 Delivery Form Recipient (create) ","value":"f2d5d2b2-c9ce-467c-9139-252fcfd4a264","isPush":true,"order":""}]}]},"position":{"x":100,"y":100}},{"id":"9cff54a4-4977-4af6-b647-2fc706b22d4f","type":"action","actionType":"msgDlg","tag":"","data":{"msgDlg":{"0":{"enabled":true,"variant":"message","message":"<span style=\"font-family: Arial, 'Helvetica Neue', Helvetica, sans-serif;\">Recipient was Created</span>"}}},"position":{"x":322,"y":138}},{"sourceHandle":null,"target":"4af5db71-1e1a-4c92-97d1-763f28888bdf","style":{"strokeDasharray":5},"label":"x","targetHandle":"if","type":"default","source":"fff9bb9d-9e4a-444f-afd3-0b52e21335c5","id":"c2245502-fee8-4462-b72d-6b338b726696","labelStyle":{"fontSize":14}},{"sourceHandle":"loaded","target":"9cff54a4-4977-4af6-b647-2fc706b22d4f","style":{"strokeDasharray":5},"label":"x","targetHandle":"if","type":"default","source":"4af5db71-1e1a-4c92-97d1-763f28888bdf","id":"0343979e-001c-4434-b33a-47c93f3962b5","labelStyle":{"fontSize":14}}]}}},"modeType":"flow"}]},"children":[],"parent":"s17"}},"Grid":["s17"],"styles":{"s17":{"type":"Strip","lg":{"root":{"minHeight":"600"},"columns":1,"rows":1,"areas":[["Col1"]],"column0":1001,"column0Unit":"px","rootHover":{"minHeight":"600"},"rootActive":{"minHeight":"600"}}},"e18":{"lg":{"root":{"width":"270","height":"auto"},"rootHover":{"width":"270","height":"auto"},"rootActive":{"width":"270","height":"auto"},"input":{"fontFamily":"'Cairo', sans-serif;"},"label":{"fontFamily":"'Cairo', sans-serif;"}},"type":"FormField","additionalControls":["text"]},"e19":{"lg":{"root":{"width":"270","height":"auto"},"rootHover":{"width":"270","height":"auto"},"rootActive":{"width":"270","height":"auto"}},"type":"FormField","additionalControls":["text"]},"e20":{"lg":{"root":{"width":"270","height":"auto"},"rootHover":{"width":"270","height":"auto"},"rootActive":{"width":"270","height":"auto"}},"type":"FormField","additionalControls":["email"]},"e21":{"lg":{"root":{"width":"270","height":"auto"},"rootHover":{"width":"270","height":"auto"},"rootActive":{"width":"270","height":"auto"}},"type":"FormField","additionalControls":["text"]},"e22":{"lg":{"root":{"width":"180","height":37,"backgroundColor":"#278864ff","color":"#fafafaff"},"rootHover":{"width":"180","height":37},"rootActive":{"width":"180","height":37}},"type":"Button"}},"isSurveyForm":false,"ui":{"Drawer":[],"Modal":[]}},"IsDisabled":false,"isPublic":true,"URL":"ft290a65bed8fb41eea81a34017c6a35f4","Description":"","Version":0,"ProjectID":"64bd1ed85f08fd6a3b3b2f89","isCachedCDN":"","__v":0,"CreatedAt":"2023-07-23T12:36:40.680Z","PublishProps":{"elements":{"s17":{"type":"Strip","props":{"styleRef":"s17"},"children":["e18","e19","e20","e21","e22"],"parent":null},"e18":{"type":"FormField","props":{"control":"text","lg":{"variant":"standard","position":{"left":383,"top":61,"leftUnit":"px","topUnit":"px","right":"","bottom":"","transform":""},"hideErrorIndicator":false,"value":"","gridArea":"Col1","placeholder":"","label":"Recipient First Name","isHidden":false,"mandatory":true},"styleRef":"e18","tag":"Recipient First Name Input"},"children":[],"parent":"s17"},"e19":{"type":"FormField","props":{"control":"text","lg":{"variant":"standard","position":{"left":383,"top":160,"leftUnit":"px","topUnit":"px","right":"","bottom":"","transform":""},"hideErrorIndicator":false,"value":"","gridArea":"Col1","placeholder":"","label":"Recipient Last Name","isHidden":false,"mandatory":true},"styleRef":"e19","tag":"Recipient Last Name Input"},"children":[],"parent":"s17"},"e20":{"type":"FormField","props":{"control":"email","lg":{"variant":"standard","position":{"left":383,"top":271,"leftUnit":"px","topUnit":"px","right":"","bottom":"","transform":""},"hideErrorIndicator":false,"value":"","gridArea":"Col1","placeholder":"","label":"Recipient Email","isHidden":false,"mandatory":true},"styleRef":"e20","tag":"Recipient Email Input"},"children":[],"parent":"s17"},"e21":{"type":"FormField","props":{"control":"text","lg":{"value":"","label":"Recipient Role","placeholder":"","variant":"standard","gridArea":"Col1","position":{"left":383,"top":390,"leftUnit":"px","topUnit":"px","right":"","bottom":"","transform":""},"hideErrorIndicator":false,"isHidden":false},"styleRef":"e21","tag":"Recipient Role Input"},"children":[],"parent":"s17"},"e22":{"type":"Button","props":{"lg":{"text":"Add Recipient","gridArea":"Col1","variant":"primary","position":{"left":383,"top":485,"leftUnit":"px","topUnit":"px","right":"","bottom":"","transform":""},"allowProgress":false,"isHidden":false},"target":"self","customURL":"","type":"redirect","redirect":{"label":"Other","value":"other"},"styleRef":"e22","action":[{"uid":"8c887455-db49-4b37-bf37-dccb8d65626a","conditions":[],"isAction":false,"actions":{"actionFlow":{"0":{"enabled":true,"list":[{"id":"fff9bb9d-9e4a-444f-afd3-0b52e21335c5","type":"input","data":{"label":"Start"},"position":{"x":0,"y":0}},{"id":"4af5db71-1e1a-4c92-97d1-763f28888bdf","type":"sfAction","actionType":"sfAction","tag":"","data":{"sfAction":[{"items":[{"label":"#2 Delivery Form Recipient (create) ","value":"f2d5d2b2-c9ce-467c-9139-252fcfd4a264","isPush":true,"order":""}]}]},"position":{"x":100,"y":100}},{"id":"9cff54a4-4977-4af6-b647-2fc706b22d4f","type":"action","actionType":"msgDlg","tag":"","data":{"msgDlg":{"0":{"enabled":true,"variant":"message","message":"<span style=\"font-family: Arial, 'Helvetica Neue', Helvetica, sans-serif;\">Recipient was Created</span>"}}},"position":{"x":322,"y":138}},{"sourceHandle":null,"target":"4af5db71-1e1a-4c92-97d1-763f28888bdf","style":{"strokeDasharray":5},"label":"x","targetHandle":"if","type":"default","source":"fff9bb9d-9e4a-444f-afd3-0b52e21335c5","id":"c2245502-fee8-4462-b72d-6b338b726696","labelStyle":{"fontSize":14}},{"sourceHandle":"loaded","target":"9cff54a4-4977-4af6-b647-2fc706b22d4f","style":{"strokeDasharray":5},"label":"x","targetHandle":"if","type":"default","source":"4af5db71-1e1a-4c92-97d1-763f28888bdf","id":"0343979e-001c-4434-b33a-47c93f3962b5","labelStyle":{"fontSize":14}}]}}},"modeType":"flow"}]},"children":[],"parent":"s17"}},"Grid":["s17"],"styles":{"s17":{"type":"Strip","lg":{"root":{"minHeight":"600"},"columns":1,"rows":1,"areas":[["Col1"]],"column0":1001,"column0Unit":"px","rootHover":{"minHeight":"600"},"rootActive":{"minHeight":"600"}}},"e18":{"lg":{"root":{"width":"270","height":"auto"},"rootHover":{"width":"270","height":"auto"},"rootActive":{"width":"270","height":"auto"},"input":{"fontFamily":"'Cairo', sans-serif;"},"label":{"fontFamily":"'Cairo', sans-serif;"}},"type":"FormField","additionalControls":["text"],"version":"v1"},"e19":{"lg":{"root":{"width":"270","height":"auto"},"rootHover":{"width":"270","height":"auto"},"rootActive":{"width":"270","height":"auto"}},"type":"FormField","additionalControls":["text"],"version":"v1"},"e20":{"lg":{"root":{"width":"270","height":"auto"},"rootHover":{"width":"270","height":"auto"},"rootActive":{"width":"270","height":"auto"}},"type":"FormField","additionalControls":["email"],"version":"v1"},"e21":{"lg":{"root":{"width":"270","height":"auto"},"rootHover":{"width":"270","height":"auto"},"rootActive":{"width":"270","height":"auto"}},"type":"FormField","additionalControls":["text"],"version":"v1"},"e22":{"lg":{"root":{"width":"180","height":37,"backgroundColor":"#278864ff","color":"#fafafaff"},"rootHover":{"width":"180","height":37},"rootActive":{"width":"180","height":37}},"type":"Button"}},"isSurveyForm":false,"ui":{"Drawer":[],"Modal":[]}}}